[
  {
    "img":"https://k.sinaimg.cn/n/sports/transform/310/w710h400/20180831/h7GT-hinpmnq5827441.jpg/w710h400z1l50t182f.jpg?by=comos",
    "title":"内马尔姆巴佩与詹姆斯会面"
  },
  {
    "img":"https://k.sinaimg.cn/n/news/311/w711h400/20180831/VgHo-fzrwica2018762.jpg/w710h400z1l50t1841.jpg?by=comos",
    "title":"最美晚霞"
  },
  {
    "img":"https://k.sinaimg.cn/n/blog/transform/310/w710h400/20180827/OGd2-hiixpun5163512.jpg/w710h400z1l50t1074.jpg?by=comos",
    "title":"敦煌"
  },
  {
    "img":"https://k.sinaimg.cn/n/sports/transform/310/w710h400/20180831/5x2Y-hinpmnq3936353.jpg/w710h400z1l50t15de.jpg?by=comos",
    "titile":"美网费德勒晋级第三轮"
  }
]