[
  {
    "img":"https://k.sinaimg.cn/n/mil/crawl/59/w550h309/20180830/hePB-hiixpun5433294.jpg/w200h134f1t10l50q90c55.jpg",
    "title":"中国枭龙战机万米高空曾遇险 油箱4分钟全部漏空(图)",
    "num":12,
    "type":0
  },
  {
    "img":"https://k.sinaimg.cn/n/news/transform/284/w164h120/20180830/WmiK-fzrwica1987804.jpg/w200h134f1t10l50q90c55.jpg",
    "title":"河南省招办:不同科答题卡不同人负责 不可能置换",
    "num":122,
    "type":1
  },
  {
    "img":"https://k.sinaimg.cn/n/gx/transform/266/w640h426/20180830/2wJH-hikcahf7627541.jpg/w200h134f1t10l50q90c55.jpg",
    "title":"明日起至10月7日 南宁人每晚都能看到亮化景观",
    "num":12,
    "type":1
  },
  {
    "img":["https://k.sinaimg.cn/n/ent/4_img/upload/b8317091/107/w683h1024/20180831/QGiJ-hiixpun5505488.jpg/w230h154f1t10l50q90c55.jpg","https://k.sinaimg.cn/n/ent/4_img/upload/b8317091/107/w1024h683/20180831/N2bY-hikxxmz7234288.jpg/w230h154f1t10l50q90c55.jpg","https://k.sinaimg.cn/n/ent/4_img/upload/b8317091/107/w683h1024/20180831/c63N-hiixpun5505486.jpg/w230h154f1t10l50q90c55.jpg"],
    "title":"两届港姐冠军雷庄儿陈晓华同框比拼颜值",
    "num":32,
    "type":3
  },
  {
    "img":"https://k.sinaimg.cn/n/sinacn09/654/w1020h434/20180830/59dd-hikcahf8335755.jpg/w200h134f1t10l50q90c55.jpg",
    "title":"4000万拉法在废弃工厂狂漂，造的浑身是土惹粉丝心疼！",
    "num":12,
    "type":1
  },
  {
    "img":"https://k.sinaimg.cn/n/edu/transform/500/w300h200/20180830/Z0Ve-fzrwica1968478.jpg/w200h134f1t10l50q90c55.jpg",
    "title":"清华大学八字班新生军训 挺胸收腹意气风发(图)",
    "num":12,
    "type":1
  },
  {
    "img":"https://k.sinaimg.cn/n/sinacn00/40/w480h360/20180831/4775-hinpmnq3005693.jpg/w200h134f1t10l50q90c55.jpg",
    "title":"《反贪风暴3》获封史上最有钱港片 海报金砖元素折射复杂人性",
    "num":12,
    "type":1
  }
]